[{"model": "admin.logentry", "pk": 1, "fields": {"action_time": "2025-06-10T16:30:44.995Z", "user": 1, "content_type": 8, "object_id": "1", "object_repr": "User avatar", "action_flag": 2, "change_message": "[{\"changed\": {\"fields\": [\"\\u0421\\u0441\\u044b\\u043b\\u043a\\u0430\"]}}]"}}, {"model": "admin.logentry", "pk": 2, "fields": {"action_time": "2025-06-10T16:31:15.304Z", "user": 1, "content_type": 8, "object_id": "1", "object_repr": "User avatar", "action_flag": 2, "change_message": "[{\"changed\": {\"fields\": [\"\\u0421\\u0441\\u044b\\u043b\\u043a\\u0430\"]}}]"}}, {"model": "admin.logentry", "pk": 3, "fields": {"action_time": "2025-06-12T09:41:58.077Z", "user": 1, "content_type": 10, "object_id": "1", "object_repr": "Electronics", "action_flag": 2, "change_message": "[{\"added\": {\"name\": \"\\u0418\\u0437\\u043e\\u0431\\u0440\\u0430\\u0436\\u0435\\u043d\\u0438\\u0435\", \"object\": \"CategoryImage object (1)\"}}]"}}, {"model": "auth.permission", "pk": 1, "fields": {"name": "Can add log entry", "content_type": 1, "codename": "add_logentry"}}, {"model": "auth.permission", "pk": 2, "fields": {"name": "Can change log entry", "content_type": 1, "codename": "change_logentry"}}, {"model": "auth.permission", "pk": 3, "fields": {"name": "Can delete log entry", "content_type": 1, "codename": "delete_logentry"}}, {"model": "auth.permission", "pk": 4, "fields": {"name": "Can view log entry", "content_type": 1, "codename": "view_logentry"}}, {"model": "auth.permission", "pk": 5, "fields": {"name": "Can add permission", "content_type": 2, "codename": "add_permission"}}, {"model": "auth.permission", "pk": 6, "fields": {"name": "Can change permission", "content_type": 2, "codename": "change_permission"}}, {"model": "auth.permission", "pk": 7, "fields": {"name": "Can delete permission", "content_type": 2, "codename": "delete_permission"}}, {"model": "auth.permission", "pk": 8, "fields": {"name": "Can view permission", "content_type": 2, "codename": "view_permission"}}, {"model": "auth.permission", "pk": 9, "fields": {"name": "Can add group", "content_type": 3, "codename": "add_group"}}, {"model": "auth.permission", "pk": 10, "fields": {"name": "Can change group", "content_type": 3, "codename": "change_group"}}, {"model": "auth.permission", "pk": 11, "fields": {"name": "Can delete group", "content_type": 3, "codename": "delete_group"}}, {"model": "auth.permission", "pk": 12, "fields": {"name": "Can view group", "content_type": 3, "codename": "view_group"}}, {"model": "auth.permission", "pk": 13, "fields": {"name": "Can add user", "content_type": 4, "codename": "add_user"}}, {"model": "auth.permission", "pk": 14, "fields": {"name": "Can change user", "content_type": 4, "codename": "change_user"}}, {"model": "auth.permission", "pk": 15, "fields": {"name": "Can delete user", "content_type": 4, "codename": "delete_user"}}, {"model": "auth.permission", "pk": 16, "fields": {"name": "Can view user", "content_type": 4, "codename": "view_user"}}, {"model": "auth.permission", "pk": 17, "fields": {"name": "Can add content type", "content_type": 5, "codename": "add_contenttype"}}, {"model": "auth.permission", "pk": 18, "fields": {"name": "Can change content type", "content_type": 5, "codename": "change_contenttype"}}, {"model": "auth.permission", "pk": 19, "fields": {"name": "Can delete content type", "content_type": 5, "codename": "delete_contenttype"}}, {"model": "auth.permission", "pk": 20, "fields": {"name": "Can view content type", "content_type": 5, "codename": "view_contenttype"}}, {"model": "auth.permission", "pk": 21, "fields": {"name": "Can add session", "content_type": 6, "codename": "add_session"}}, {"model": "auth.permission", "pk": 22, "fields": {"name": "Can change session", "content_type": 6, "codename": "change_session"}}, {"model": "auth.permission", "pk": 23, "fields": {"name": "Can delete session", "content_type": 6, "codename": "delete_session"}}, {"model": "auth.permission", "pk": 24, "fields": {"name": "Can view session", "content_type": 6, "codename": "view_session"}}, {"model": "auth.permission", "pk": 25, "fields": {"name": "Can add profile", "content_type": 7, "codename": "add_profile"}}, {"model": "auth.permission", "pk": 26, "fields": {"name": "Can change profile", "content_type": 7, "codename": "change_profile"}}, {"model": "auth.permission", "pk": 27, "fields": {"name": "Can delete profile", "content_type": 7, "codename": "delete_profile"}}, {"model": "auth.permission", "pk": 28, "fields": {"name": "Can view profile", "content_type": 7, "codename": "view_profile"}}, {"model": "auth.permission", "pk": 29, "fields": {"name": "Can add Аватар", "content_type": 8, "codename": "add_avatar"}}, {"model": "auth.permission", "pk": 30, "fields": {"name": "Can change Аватар", "content_type": 8, "codename": "change_avatar"}}, {"model": "auth.permission", "pk": 31, "fields": {"name": "Can delete Аватар", "content_type": 8, "codename": "delete_avatar"}}, {"model": "auth.permission", "pk": 32, "fields": {"name": "Can view Аватар", "content_type": 8, "codename": "view_avatar"}}, {"model": "auth.permission", "pk": 33, "fields": {"name": "Can add Товар", "content_type": 9, "codename": "add_product"}}, {"model": "auth.permission", "pk": 34, "fields": {"name": "Can change Товар", "content_type": 9, "codename": "change_product"}}, {"model": "auth.permission", "pk": 35, "fields": {"name": "Can delete Товар", "content_type": 9, "codename": "delete_product"}}, {"model": "auth.permission", "pk": 36, "fields": {"name": "Can view Товар", "content_type": 9, "codename": "view_product"}}, {"model": "auth.permission", "pk": 37, "fields": {"name": "Can add Категория", "content_type": 10, "codename": "add_category"}}, {"model": "auth.permission", "pk": 38, "fields": {"name": "Can change Категория", "content_type": 10, "codename": "change_category"}}, {"model": "auth.permission", "pk": 39, "fields": {"name": "Can delete Категория", "content_type": 10, "codename": "delete_category"}}, {"model": "auth.permission", "pk": 40, "fields": {"name": "Can view Категория", "content_type": 10, "codename": "view_category"}}, {"model": "auth.permission", "pk": 41, "fields": {"name": "Can add Изображение", "content_type": 11, "codename": "add_productimage"}}, {"model": "auth.permission", "pk": 42, "fields": {"name": "Can change Изображение", "content_type": 11, "codename": "change_productimage"}}, {"model": "auth.permission", "pk": 43, "fields": {"name": "Can delete Изображение", "content_type": 11, "codename": "delete_productimage"}}, {"model": "auth.permission", "pk": 44, "fields": {"name": "Can view Изображение", "content_type": 11, "codename": "view_productimage"}}, {"model": "auth.permission", "pk": 45, "fields": {"name": "Can add Изображение", "content_type": 12, "codename": "add_categoryimage"}}, {"model": "auth.permission", "pk": 46, "fields": {"name": "Can change Изображение", "content_type": 12, "codename": "change_categoryimage"}}, {"model": "auth.permission", "pk": 47, "fields": {"name": "Can delete Изображение", "content_type": 12, "codename": "delete_categoryimage"}}, {"model": "auth.permission", "pk": 48, "fields": {"name": "Can view Изображение", "content_type": 12, "codename": "view_categoryimage"}}, {"model": "auth.permission", "pk": 49, "fields": {"name": "Can add Характеристика", "content_type": 13, "codename": "add_specification"}}, {"model": "auth.permission", "pk": 50, "fields": {"name": "Can change Характеристика", "content_type": 13, "codename": "change_specification"}}, {"model": "auth.permission", "pk": 51, "fields": {"name": "Can delete Характеристика", "content_type": 13, "codename": "delete_specification"}}, {"model": "auth.permission", "pk": 52, "fields": {"name": "Can view Характеристика", "content_type": 13, "codename": "view_specification"}}, {"model": "auth.permission", "pk": 53, "fields": {"name": "Can add Тег", "content_type": 14, "codename": "add_tag"}}, {"model": "auth.permission", "pk": 54, "fields": {"name": "Can change Тег", "content_type": 14, "codename": "change_tag"}}, {"model": "auth.permission", "pk": 55, "fields": {"name": "Can delete Тег", "content_type": 14, "codename": "delete_tag"}}, {"model": "auth.permission", "pk": 56, "fields": {"name": "Can view Тег", "content_type": 14, "codename": "view_tag"}}, {"model": "auth.permission", "pk": 57, "fields": {"name": "Can add Отзыв", "content_type": 15, "codename": "add_review"}}, {"model": "auth.permission", "pk": 58, "fields": {"name": "Can change Отзыв", "content_type": 15, "codename": "change_review"}}, {"model": "auth.permission", "pk": 59, "fields": {"name": "Can delete Отзыв", "content_type": 15, "codename": "delete_review"}}, {"model": "auth.permission", "pk": 60, "fields": {"name": "Can view Отзыв", "content_type": 15, "codename": "view_review"}}, {"model": "auth.user", "pk": 1, "fields": {"password": "pbkdf2_sha256$1000000$I0NfZ0Kz15JhQOXsJOyS4Z$9y2sjGL/pEDsKqdDR+R8D5WjX0u/n4kp0tz/ywondQw=", "last_login": "2025-06-12T09:41:45.835Z", "is_superuser": true, "username": "admin", "first_name": "", "last_name": "", "email": "", "is_staff": true, "is_active": true, "date_joined": "2025-06-05T08:26:40.407Z", "groups": [], "user_permissions": []}}, {"model": "auth.user", "pk": 2, "fields": {"password": "pbkdf2_sha256$1000000$COTSShUc8XgBnmj2Dkuuuc$wGhHpj4i6+tFKoWXo2AJXruFuAK8u4PqK8xohkraBd0=", "last_login": "2025-06-24T11:32:19.758Z", "is_superuser": false, "username": "paul_1", "first_name": "Paul", "last_name": "", "email": "paul@example.com", "is_staff": false, "is_active": true, "date_joined": "2025-06-05T08:28:27.170Z", "groups": [], "user_permissions": []}}, {"model": "contenttypes.contenttype", "pk": 1, "fields": {"app_label": "admin", "model": "logentry"}}, {"model": "contenttypes.contenttype", "pk": 2, "fields": {"app_label": "auth", "model": "permission"}}, {"model": "contenttypes.contenttype", "pk": 3, "fields": {"app_label": "auth", "model": "group"}}, {"model": "contenttypes.contenttype", "pk": 4, "fields": {"app_label": "auth", "model": "user"}}, {"model": "contenttypes.contenttype", "pk": 5, "fields": {"app_label": "contenttypes", "model": "contenttype"}}, {"model": "contenttypes.contenttype", "pk": 6, "fields": {"app_label": "sessions", "model": "session"}}, {"model": "contenttypes.contenttype", "pk": 7, "fields": {"app_label": "api_auth", "model": "profile"}}, {"model": "contenttypes.contenttype", "pk": 8, "fields": {"app_label": "api_auth", "model": "avatar"}}, {"model": "contenttypes.contenttype", "pk": 9, "fields": {"app_label": "api_product", "model": "product"}}, {"model": "contenttypes.contenttype", "pk": 10, "fields": {"app_label": "api_product", "model": "category"}}, {"model": "contenttypes.contenttype", "pk": 11, "fields": {"app_label": "api_product", "model": "productimage"}}, {"model": "contenttypes.contenttype", "pk": 12, "fields": {"app_label": "api_product", "model": "categoryimage"}}, {"model": "contenttypes.contenttype", "pk": 13, "fields": {"app_label": "api_product", "model": "specification"}}, {"model": "contenttypes.contenttype", "pk": 14, "fields": {"app_label": "api_product", "model": "tag"}}, {"model": "contenttypes.contenttype", "pk": 15, "fields": {"app_label": "api_product", "model": "review"}}, {"model": "sessions.session", "pk": "29zogekydr5mf1sipvv1t5mpfsmgqhb8", "fields": {"session_data": ".eJxVjEEOwiAQRe_C2hAKDLQu3XsGMsNMpWpKUtqV8e7apAvd_vfef6mE21rS1mRJE6uzsur0uxHmh8w74DvOt6pznddlIr0r-qBNXyvL83K4fwcFW_nWYYBgxURPxnrIDvvOdCMYG9kPPIrzSJCJwMceQ_CDuMxA2XCUwBDV-wPDjzej:1uOAgR:34rHc32C2aLvv_ex2kd8_HfizCwv3kerytHeOPCM38Q", "expire_date": "2025-06-22T07:43:11.305Z"}}, {"model": "sessions.session", "pk": "cee8x37zq3crevcxwnzjzhdf90mrw5yz", "fields": {"session_data": ".eJxVjEEOwiAQRe_C2hAKDLQu3XsGMsNMpWpKUtqV8e7apAvd_vfef6mE21rS1mRJE6uzsur0uxHmh8w74DvOt6pznddlIr0r-qBNXyvL83K4fwcFW_nWYYBgxURPxnrIDvvOdCMYG9kPPIrzSJCJwMceQ_CDuMxA2XCUwBDV-wPDjzej:1uQ0yA:QIAlreNGn2eA6rvc8bYs3KcT2nv2itOzWu1nPD2Npu8", "expire_date": "2025-06-27T09:45:06.188Z"}}, {"model": "sessions.session", "pk": "dyw8t6klaaq0k9fg5d59acm51aqvw60k", "fields": {"session_data": ".eJxVjEEOwiAQRe_C2hAKDLQu3XsGMsNMpWpKUtqV8e7apAvd_vfef6mE21rS1mRJE6uzsur0uxHmh8w74DvOt6pznddlIr0r-qBNXyvL83K4fwcFW_nWYYBgxURPxnrIDvvOdCMYG9kPPIrzSJCJwMceQ_CDuMxA2XCUwBDV-wPDjzej:1uNudm:DbIhKfx4qkBEQ7OapFFWpkJ8SA_21V3ukzJ4peX9Gxk", "expire_date": "2025-06-21T14:35:22.079Z"}}, {"model": "sessions.session", "pk": "n7jh1t3zla0mxkxn9hvyy1c03ulhrrgo", "fields": {"session_data": ".eJxVjEEOwiAQRe_C2hAKDLQu3XsGMsNMpWpKUtqV8e7apAvd_vfef6mE21rS1mRJE6uzsur0uxHmh8w74DvOt6pznddlIr0r-qBNXyvL83K4fwcFW_nWYYBgxURPxnrIDvvOdCMYG9kPPIrzSJCJwMceQ_CDuMxA2XCUwBDV-wPDjzej:1uThcH:vDY9F-D3GewByBltCu4FDMwthf0ZTWt78KuyL9j5vTs", "expire_date": "2025-07-07T13:53:45.022Z"}}, {"model": "sessions.session", "pk": "noiehh9qb3i3z3mwpq12943b4rwc0k78", "fields": {"session_data": ".eJxVjEEOwiAQRe_C2hAKDLQu3XsGMsNMpWpKUtqV8e7apAvd_vfef6mE21rS1mRJE6uzsur0uxHmh8w74DvOt6pznddlIr0r-qBNXyvL83K4fwcFW_nWYYBgxURPxnrIDvvOdCMYG9kPPIrzSJCJwMceQ_CDuMxA2XCUwBDV-wPDjzej:1uP1to:SpdLDu-9RGnvFO4mctRm77LjSX1zDfQCtLiuCkfROxw", "expire_date": "2025-06-24T16:32:32.779Z"}}, {"model": "sessions.session", "pk": "tl9l0bjk8errnmldka1anxieka74z61l", "fields": {"session_data": ".eJxVjMEOwiAQRP-FsyEusKF49O43EGB3pWpoUtqT8d9tkx70NMm8N_NWMa1LjWvnOY6kLgrU6bfLqTy57YAeqd0nXaa2zGPWu6IP2vVtIn5dD_fvoKZetzUKBTAUyuAMDOJDsAzBe1eYweOZRcglQSIJGQ1aBLHZZgfgt0T1-QLhRze5:1uPeRN:pOzNKB00nYmCZJP3RJRR1INzkF8jqqD_mRKTOX81iG8", "expire_date": "2025-06-26T09:41:45.839Z"}}, {"model": "sessions.session", "pk": "wybrye0fx9plwifqyxq59axheknqa07p", "fields": {"session_data": ".eJxVjEEOwiAQRe_C2hAKDLQu3XsGMsNMpWpKUtqV8e7apAvd_vfef6mE21rS1mRJE6uzsur0uxHmh8w74DvOt6pznddlIr0r-qBNXyvL83K4fwcFW_nWYYBgxURPxnrIDvvOdCMYG9kPPIrzSJCJwMceQ_CDuMxA2XCUwBDV-wPDjzej:1uN9Oi:adnpY4uA63FkTfXQ0KH165prxHzuLvI5fy__SsJdAQI", "expire_date": "2025-06-19T12:08:40.904Z"}}, {"model": "sessions.session", "pk": "xgygbwtxt8ppv9e7qjr2adu8znp0r0fp", "fields": {"session_data": ".eJxVjEEOwiAQRe_C2hAKDLQu3XsGMsNMpWpKUtqV8e7apAvd_vfef6mE21rS1mRJE6uzsur0uxHmh8w74DvOt6pznddlIr0r-qBNXyvL83K4fwcFW_nWYYBgxURPxnrIDvvOdCMYG9kPPIrzSJCJwMceQ_CDuMxA2XCUwBDV-wPDjzej:1uU1sx:zOEiKF8qSrpexskUi5BrNkqZQaUJgrvrBJWM-4bPfos", "expire_date": "2025-07-08T11:32:19.761Z"}}, {"model": "sessions.session", "pk": "xmcb1en334rrgwrrzvp6gcypdvbmq7u4", "fields": {"session_data": ".eJxVjEEOwiAQRe_C2hAKDLQu3XsGMsNMpWpKUtqV8e7apAvd_vfef6mE21rS1mRJE6uzsur0uxHmh8w74DvOt6pznddlIr0r-qBNXyvL83K4fwcFW_nWYYBgxURPxnrIDvvOdCMYG9kPPIrzSJCJwMceQ_CDuMxA2XCUwBDV-wPDjzej:1uN5zd:KdYWxKkc5ho_H8jGd1v4729QgHem8pLXeQxgnEIkpHc", "expire_date": "2025-06-19T08:30:33.994Z"}}, {"model": "api_auth.avatar", "pk": 1, "fields": {"profile": 1, "src": "profile_1/avatar/v824-te-17.jpg", "alt": "User avatar"}}, {"model": "api_auth.profile", "pk": 1, "fields": {"user": 2, "fullName": "Paul", "phone": 89999999999, "balance": "0.00"}}, {"model": "api_product.product", "pk": 1, "fields": {"category": 2, "price": "2399.99", "count": 10, "date": "2025-06-07T14:33:39.459Z", "title": "Laptop", "description": "High-performance laptop", "fullDescription": "A laptop with high specs for professionals.", "freeDelivery": true, "reviews_count": 0, "rating": "0.00", "available": true, "tags": [1, 2]}}, {"model": "api_product.product", "pk": 2, "fields": {"category": 3, "price": "987.50", "count": 25, "date": "2025-06-07T14:33:39.500Z", "title": "Smartphone", "description": "Latest model smartphone", "fullDescription": "Flagship smartphone with AMOLED display.", "freeDelivery": false, "reviews_count": 0, "rating": "0.00", "available": true, "tags": [3, 4]}}, {"model": "api_product.product", "pk": 3, "fields": {"category": 5, "price": "120.00", "count": 50, "date": "2025-06-13T09:43:47.866Z", "title": "Running Shoes", "description": "Comfortable running shoes", "fullDescription": "Shoes designed for running and sports.", "freeDelivery": true, "reviews_count": 0, "rating": "0.00", "available": true, "tags": [5, 6]}}, {"model": "api_product.product", "pk": 4, "fields": {"category": 6, "price": "75.00", "count": 30, "date": "2025-06-13T09:43:47.906Z", "title": "Fitness Tracker", "description": "Track your fitness activities", "fullDescription": "Waterproof fitness tracker with heart rate monitor.", "freeDelivery": false, "reviews_count": 0, "rating": "0.00", "available": true, "tags": [7, 8]}}, {"model": "api_product.product", "pk": 5, "fields": {"category": 7, "price": "35.00", "count": 100, "date": "2025-06-13T09:43:47.937Z", "title": "Yoga Mat", "description": "Eco-friendly yoga mat", "fullDescription": "Non-slip yoga mat for all types of exercises.", "freeDelivery": true, "reviews_count": 0, "rating": "0.00", "available": true, "tags": [9, 10]}}, {"model": "api_product.category", "pk": 1, "fields": {"title": "Electronics", "parent": null}}, {"model": "api_product.category", "pk": 2, "fields": {"title": "Laptops", "parent": 1}}, {"model": "api_product.category", "pk": 3, "fields": {"title": "Smartphones", "parent": 1}}, {"model": "api_product.category", "pk": 4, "fields": {"title": "Sportswear", "parent": null}}, {"model": "api_product.category", "pk": 5, "fields": {"title": "Footwear", "parent": 4}}, {"model": "api_product.category", "pk": 6, "fields": {"title": "Accessories", "parent": 4}}, {"model": "api_product.category", "pk": 7, "fields": {"title": "Equipment", "parent": 4}}, {"model": "api_product.categoryimage", "pk": 1, "fields": {"category": 1, "src": "categories/Electronics_1/electronics.jpg", "alt": "image"}}, {"model": "api_product.productimage", "pk": 1, "fields": {"product": 1, "src": "products/Laptop_1/laptop_1.jpg", "alt": "Laptop image"}}, {"model": "api_product.productimage", "pk": 2, "fields": {"product": 1, "src": "products/Laptop_1/laptop_2.jpg", "alt": "Laptop image"}}, {"model": "api_product.productimage", "pk": 3, "fields": {"product": 2, "src": "products/Smartphone_2/smartphone-3.jpg", "alt": "Smartphone image"}}, {"model": "api_product.productimage", "pk": 4, "fields": {"product": 2, "src": "products/Smartphone_2/smartphone-1.jpg", "alt": "Smartphone image"}}, {"model": "api_product.productimage", "pk": 5, "fields": {"product": 2, "src": "products/Smartphone_2/smartphone-2.jpg", "alt": "Smartphone image"}}, {"model": "api_product.productimage", "pk": 6, "fields": {"product": 3, "src": "products/Running Shoes_3/running_shoes_2.jpg", "alt": "Running Shoes image"}}, {"model": "api_product.productimage", "pk": 7, "fields": {"product": 3, "src": "products/Running Shoes_3/running_shoes_1.jpg", "alt": "Running Shoes image"}}, {"model": "api_product.productimage", "pk": 8, "fields": {"product": 3, "src": "products/Running Shoes_3/running_shoes_3.jpg", "alt": "Running Shoes image"}}, {"model": "api_product.productimage", "pk": 9, "fields": {"product": 4, "src": "products/Fitness Tracker_4/fitness_tracker_2.jpg", "alt": "Fitness Tracker image"}}, {"model": "api_product.productimage", "pk": 10, "fields": {"product": 4, "src": "products/Fitness Tracker_4/fitness_tracker_1.jpg", "alt": "Fitness Tracker image"}}, {"model": "api_product.productimage", "pk": 11, "fields": {"product": 4, "src": "products/Fitness Tracker_4/fitness_tracker_3.jpg", "alt": "Fitness Tracker image"}}, {"model": "api_product.productimage", "pk": 12, "fields": {"product": 5, "src": "products/Yoga Mat_5/yoga_mat_3.jpg", "alt": "Yoga Mat image"}}, {"model": "api_product.productimage", "pk": 13, "fields": {"product": 5, "src": "products/Yoga Mat_5/yoga_mat_1.jpg", "alt": "Yoga Mat image"}}, {"model": "api_product.productimage", "pk": 14, "fields": {"product": 5, "src": "products/Yoga Mat_5/yoga_mat_2.jpg", "alt": "Yoga Mat image"}}, {"model": "api_product.tag", "pk": 1, "fields": {"name": "computers"}}, {"model": "api_product.tag", "pk": 2, "fields": {"name": "portable"}}, {"model": "api_product.tag", "pk": 3, "fields": {"name": "mobile"}}, {"model": "api_product.tag", "pk": 4, "fields": {"name": "touchscreen"}}, {"model": "api_product.tag", "pk": 5, "fields": {"name": "shoes"}}, {"model": "api_product.tag", "pk": 6, "fields": {"name": "running"}}, {"model": "api_product.tag", "pk": 7, "fields": {"name": "tracker"}}, {"model": "api_product.tag", "pk": 8, "fields": {"name": "fitness"}}, {"model": "api_product.tag", "pk": 9, "fields": {"name": "yoga"}}, {"model": "api_product.tag", "pk": 10, "fields": {"name": "mat"}}, {"model": "api_product.review", "pk": 1, "fields": {"product": 1, "user": 2, "author": "Пол", "email": "paul@example.com", "text": "Хороший ноутбук, не греется, батарея долго держит.", "rate": 4, "date": "2025-06-07T14:36:37.779Z"}}, {"model": "api_product.specification", "pk": 1, "fields": {"product": 1, "name": "CPU", "value": "Intel i7"}}, {"model": "api_product.specification", "pk": 2, "fields": {"product": 1, "name": "RAM", "value": "16GB"}}, {"model": "api_product.specification", "pk": 3, "fields": {"product": 2, "name": "Screen", "value": "6.5 inch"}}, {"model": "api_product.specification", "pk": 4, "fields": {"product": 2, "name": "Battery", "value": "4000mAh"}}, {"model": "api_product.specification", "pk": 5, "fields": {"product": 3, "name": "Size", "value": "42"}}, {"model": "api_product.specification", "pk": 6, "fields": {"product": 3, "name": "Color", "value": "Red"}}, {"model": "api_product.specification", "pk": 7, "fields": {"product": 4, "name": "Battery Life", "value": "7 days"}}, {"model": "api_product.specification", "pk": 8, "fields": {"product": 5, "name": "Thickness", "value": "6mm"}}]